[
  {"code": "ATL", "name": "Hartsfield-Jackson Atlanta International", "city": "Atlanta", "country": "US"},
  {"code": "DXB", "name": "Dubai International", "city": "Dubai", "country": "AE"},
  {"code": "DFW", "name": "Dallas/Fort Worth International", "city": "Dallas", "country": "US"},
  {"code": "DEN", "name": "Denver International", "city": "Denver", "country": "US"},
  {"code": "ORD", "name": "O'Hare International", "city": "Chicago", "country": "US"},
  {"code": "LAX", "name": "Los Angeles International", "city": "Los Angeles", "country": "US"},
  {"code": "IST", "name": "Istanbul Airport", "city": "Istanbul", "country": "TR"},
  {"code": "LHR", "name": "Heathrow", "city": "London", "country": "GB"},
  {"code": "DEL", "name": "Indira Gandhi International", "city": "Delhi", "country": "IN"},
  {"code": "CDG", "name": "Charles de Gaulle", "city": "Paris", "country": "FR"},
  {"code": "AMS", "name": "Schiphol", "city": "Amsterdam", "country": "NL"},
  {"code": "CAN", "name": "Guangzhou Baiyun International", "city": "Guangzhou", "country": "CN"},
  {"code": "FRA", "name": "Frankfurt Airport", "city": "Frankfurt", "country": "DE"},
  {"code": "SIN", "name": "Changi", "city": "Singapore", "country": "SG"},
  {"code": "ICN", "name": "Incheon International", "city": "Seoul", "country": "KR"},
  {"code": "HND", "name": "Haneda", "city": "Tokyo", "country": "JP"},
  {"code": "NRT", "name": "Narita International", "city": "Tokyo", "country": "JP"},
  {"code": "BKK", "name": "Suvarnabhumi", "city": "Bangkok", "country": "TH"},
  {"code": "JFK", "name": "John F. Kennedy International", "city": "New York", "country": "US"},
  {"code": "EWR", "name": "Newark Liberty International", "city": "Newark", "country": "US"},
  {"code": "LGA", "name": "LaGuardia", "city": "New York", "country": "US"},
  {"code": "SFO", "name": "San Francisco International", "city": "San Francisco", "country": "US"},
  {"code": "SEA", "name": "Seattle-Tacoma International", "city": "Seattle", "country": "US"},
  {"code": "MIA", "name": "Miami International", "city": "Miami", "country": "US"},
  {"code": "MCO", "name": "Orlando International", "city": "Orlando", "country": "US"},
  {"code": "CLT", "name": "Charlotte Douglas International", "city": "Charlotte", "country": "US"},
  {"code": "PHX", "name": "Phoenix Sky Harbor International", "city": "Phoenix", "country": "US"},
  {"code": "IAH", "name": "George Bush Intercontinental", "city": "Houston", "country": "US"},
  {"code": "BOS", "name": "Logan International", "city": "Boston", "country": "US"},
  {"code": "MSP", "name": "Minneapolis-Saint Paul International", "city": "Minneapolis", "country": "US"},
  {"code": "DTW", "name": "Detroit Metropolitan Wayne County", "city": "Detroit", "country": "US"},
  {"code": "PHL", "name": "Philadelphia International", "city": "Philadelphia", "country": "US"},
  {"code": "SLC", "name": "Salt Lake City International", "city": "Salt Lake City", "country": "US"},
  {"code": "DCA", "name": "Ronald Reagan Washington National", "city": "Washington D.C.", "country": "US"},
  {"code": "IAD", "name": "Washington Dulles International", "city": "Washington D.C.", "country": "US"},
  {"code": "BWI", "name": "Baltimore/Washington International", "city": "Baltimore", "country": "US"},
  {"code": "SAN", "name": "San Diego International", "city": "San Diego", "country": "US"},
  {"code": "TPA", "name": "Tampa International", "city": "Tampa", "country": "US"},
  {"code": "PDX", "name": "Portland International", "city": "Portland", "country": "US"},
  {"code": "LAS", "name": "Harry Reid International", "city": "Las Vegas", "country": "US"},
  {"code": "HNL", "name": "Daniel K. Inouye International", "city": "Honolulu", "country": "US"},
  {"code": "YYZ", "name": "Toronto Pearson International", "city": "Toronto", "country": "CA"},
  {"code": "YVR", "name": "Vancouver International", "city": "Vancouver", "country": "CA"},
  {"code": "YUL", "name": "Montréal-Trudeau International", "city": "Montréal", "country": "CA"},
  {"code": "YOW", "name": "Ottawa Macdonald-Cartier International", "city": "Ottawa", "country": "CA"},
  {"code": "YYC", "name": "Calgary International", "city": "Calgary", "country": "CA"},
  {"code": "YEG", "name": "Edmonton International", "city": "Edmonton", "country": "CA"},
  {"code": "MEX", "name": "Benito Juárez International", "city": "Mexico City", "country": "MX"},
  {"code": "CUN", "name": "Cancún International", "city": "Cancún", "country": "MX"},
  {"code": "GRU", "name": "São Paulo-Guarulhos International", "city": "São Paulo", "country": "BR"},
  {"code": "GIG", "name": "Rio de Janeiro-Galeão International", "city": "Rio de Janeiro", "country": "BR"},
  {"code": "EZE", "name": "Ministro Pistarini International", "city": "Buenos Aires", "country": "AR"},
  {"code": "BOG", "name": "El Dorado International", "city": "Bogotá", "country": "CO"},
  {"code": "SCL", "name": "Arturo Merino Benítez International", "city": "Santiago", "country": "CL"},
  {"code": "LIM", "name": "Jorge Chávez International", "city": "Lima", "country": "PE"},
  {"code": "LGW", "name": "Gatwick", "city": "London", "country": "GB"},
  {"code": "STN", "name": "Stansted", "city": "London", "country": "GB"},
  {"code": "MAN", "name": "Manchester Airport", "city": "Manchester", "country": "GB"},
  {"code": "EDI", "name": "Edinburgh Airport", "city": "Edinburgh", "country": "GB"},
  {"code": "DUB", "name": "Dublin Airport", "city": "Dublin", "country": "IE"},
  {"code": "ORY", "name": "Paris-Orly", "city": "Paris", "country": "FR"},
  {"code": "BCN", "name": "Barcelona-El Prat", "city": "Barcelona", "country": "ES"},
  {"code": "MAD", "name": "Adolfo Suárez Madrid-Barajas", "city": "Madrid", "country": "ES"},
  {"code": "FCO", "name": "Leonardo da Vinci-Fiumicino", "city": "Rome", "country": "IT"},
  {"code": "MXP", "name": "Milan Malpensa", "city": "Milan", "country": "IT"},
  {"code": "MUC", "name": "Munich Airport", "city": "Munich", "country": "DE"},
  {"code": "ZRH", "name": "Zurich Airport", "city": "Zurich", "country": "CH"},
  {"code": "VIE", "name": "Vienna International", "city": "Vienna", "country": "AT"},
  {"code": "CPH", "name": "Copenhagen Airport", "city": "Copenhagen", "country": "DK"},
  {"code": "ARN", "name": "Stockholm Arlanda", "city": "Stockholm", "country": "SE"},
  {"code": "OSL", "name": "Oslo Gardermoen", "city": "Oslo", "country": "NO"},
  {"code": "HEL", "name": "Helsinki-Vantaa", "city": "Helsinki", "country": "FI"},
  {"code": "WAW", "name": "Warsaw Chopin", "city": "Warsaw", "country": "PL"},
  {"code": "PRG", "name": "Václav Havel Airport Prague", "city": "Prague", "country": "CZ"},
  {"code": "BUD", "name": "Budapest Ferenc Liszt", "city": "Budapest", "country": "HU"},
  {"code": "ATH", "name": "Athens International", "city": "Athens", "country": "GR"},
  {"code": "LIS", "name": "Lisbon Humberto Delgado", "city": "Lisbon", "country": "PT"},
  {"code": "BRU", "name": "Brussels Airport", "city": "Brussels", "country": "BE"},
  {"code": "DOH", "name": "Hamad International", "city": "Doha", "country": "QA"},
  {"code": "AUH", "name": "Abu Dhabi International", "city": "Abu Dhabi", "country": "AE"},
  {"code": "RUH", "name": "King Khalid International", "city": "Riyadh", "country": "SA"},
  {"code": "JED", "name": "King Abdulaziz International", "city": "Jeddah", "country": "SA"},
  {"code": "TLV", "name": "Ben Gurion", "city": "Tel Aviv", "country": "IL"},
  {"code": "CAI", "name": "Cairo International", "city": "Cairo", "country": "EG"},
  {"code": "JNB", "name": "O.R. Tambo International", "city": "Johannesburg", "country": "ZA"},
  {"code": "CPT", "name": "Cape Town International", "city": "Cape Town", "country": "ZA"},
  {"code": "NBO", "name": "Jomo Kenyatta International", "city": "Nairobi", "country": "KE"},
  {"code": "ADD", "name": "Addis Ababa Bole International", "city": "Addis Ababa", "country": "ET"},
  {"code": "CMN", "name": "Mohammed V International", "city": "Casablanca", "country": "MA"},
  {"code": "LOS", "name": "Murtala Muhammed International", "city": "Lagos", "country": "NG"},
  {"code": "BOM", "name": "Chhatrapati Shivaji Maharaj International", "city": "Mumbai", "country": "IN"},
  {"code": "BLR", "name": "Kempegowda International", "city": "Bangalore", "country": "IN"},
  {"code": "MAA", "name": "Chennai International", "city": "Chennai", "country": "IN"},
  {"code": "HYD", "name": "Rajiv Gandhi International", "city": "Hyderabad", "country": "IN"},
  {"code": "CCU", "name": "Netaji Subhas Chandra Bose International", "city": "Kolkata", "country": "IN"},
  {"code": "COK", "name": "Cochin International", "city": "Kochi", "country": "IN"},
  {"code": "PNQ", "name": "Pune Airport", "city": "Pune", "country": "IN"},
  {"code": "GOI", "name": "Goa International", "city": "Goa", "country": "IN"},
  {"code": "AMD", "name": "Sardar Vallabhbhai Patel International", "city": "Ahmedabad", "country": "IN"},
  {"code": "PEK", "name": "Beijing Capital International", "city": "Beijing", "country": "CN"},
  {"code": "PKX", "name": "Beijing Daxing International", "city": "Beijing", "country": "CN"},
  {"code": "PVG", "name": "Shanghai Pudong International", "city": "Shanghai", "country": "CN"},
  {"code": "HKG", "name": "Hong Kong International", "city": "Hong Kong", "country": "HK"},
  {"code": "TPE", "name": "Taiwan Taoyuan International", "city": "Taipei", "country": "TW"},
  {"code": "KUL", "name": "Kuala Lumpur International", "city": "Kuala Lumpur", "country": "MY"},
  {"code": "CGK", "name": "Soekarno-Hatta International", "city": "Jakarta", "country": "ID"},
  {"code": "MNL", "name": "Ninoy Aquino International", "city": "Manila", "country": "PH"},
  {"code": "SGN", "name": "Tan Son Nhat International", "city": "Ho Chi Minh City", "country": "VN"},
  {"code": "HAN", "name": "Noi Bai International", "city": "Hanoi", "country": "VN"},
  {"code": "SYD", "name": "Sydney Kingsford Smith", "city": "Sydney", "country": "AU"},
  {"code": "MEL", "name": "Melbourne Airport", "city": "Melbourne", "country": "AU"},
  {"code": "BNE", "name": "Brisbane Airport", "city": "Brisbane", "country": "AU"},
  {"code": "PER", "name": "Perth Airport", "city": "Perth", "country": "AU"},
  {"code": "AKL", "name": "Auckland Airport", "city": "Auckland", "country": "NZ"},
  {"code": "CMB", "name": "Bandaranaike International", "city": "Colombo", "country": "LK"},
  {"code": "DAC", "name": "Hazrat Shahjalal International", "city": "Dhaka", "country": "BD"},
  {"code": "KTM", "name": "Tribhuvan International", "city": "Kathmandu", "country": "NP"},
  {"code": "MLE", "name": "Velana International", "city": "Malé", "country": "MV"},
  {"code": "SVO", "name": "Sheremetyevo International", "city": "Moscow", "country": "RU"},
  {"code": "LED", "name": "Pulkovo Airport", "city": "Saint Petersburg", "country": "RU"},
  {"code": "HAV", "name": "José Martí International", "city": "Havana", "country": "CU"},
  {"code": "MBJ", "name": "Sangster International", "city": "Montego Bay", "country": "JM"},
  {"code": "PUJ", "name": "Punta Cana International", "city": "Punta Cana", "country": "DO"},
  {"code": "ANC", "name": "Ted Stevens Anchorage International", "city": "Anchorage", "country": "US"},
  {"code": "FLL", "name": "Fort Lauderdale-Hollywood International", "city": "Fort Lauderdale", "country": "US"},
  {"code": "RSW", "name": "Southwest Florida International", "city": "Fort Myers", "country": "US"},
  {"code": "RDU", "name": "Raleigh-Durham International", "city": "Raleigh", "country": "US"},
  {"code": "STL", "name": "St. Louis Lambert International", "city": "St. Louis", "country": "US"},
  {"code": "BNA", "name": "Nashville International", "city": "Nashville", "country": "US"},
  {"code": "AUS", "name": "Austin-Bergstrom International", "city": "Austin", "country": "US"},
  {"code": "SAT", "name": "San Antonio International", "city": "San Antonio", "country": "US"},
  {"code": "IND", "name": "Indianapolis International", "city": "Indianapolis", "country": "US"},
  {"code": "CMH", "name": "John Glenn Columbus International", "city": "Columbus", "country": "US"},
  {"code": "CLE", "name": "Cleveland Hopkins International", "city": "Cleveland", "country": "US"},
  {"code": "PIT", "name": "Pittsburgh International", "city": "Pittsburgh", "country": "US"},
  {"code": "MCI", "name": "Kansas City International", "city": "Kansas City", "country": "US"},
  {"code": "OAK", "name": "Oakland International", "city": "Oakland", "country": "US"},
  {"code": "SJC", "name": "San José Mineta International", "city": "San José", "country": "US"},
  {"code": "SMF", "name": "Sacramento International", "city": "Sacramento", "country": "US"},
  {"code": "DAL", "name": "Dallas Love Field", "city": "Dallas", "country": "US"},
  {"code": "MDW", "name": "Chicago Midway", "city": "Chicago", "country": "US"},
  {"code": "YWG", "name": "Winnipeg James Armstrong Richardson International", "city": "Winnipeg", "country": "CA"},
  {"code": "YHZ", "name": "Halifax Stanfield International", "city": "Halifax", "country": "CA"},
  {"code": "YQB", "name": "Québec City Jean Lesage International", "city": "Québec City", "country": "CA"},
  {"code": "TRV", "name": "Trivandrum International", "city": "Thiruvananthapuram", "country": "IN"},
  {"code": "IXE", "name": "Mangalore International", "city": "Mangalore", "country": "IN"},
  {"code": "CCJ", "name": "Calicut International", "city": "Kozhikode", "country": "IN"},
  {"code": "JAI", "name": "Jaipur International", "city": "Jaipur", "country": "IN"},
  {"code": "LKO", "name": "Chaudhary Charan Singh International", "city": "Lucknow", "country": "IN"},
  {"code": "GAU", "name": "Lokpriya Gopinath Bordoloi International", "city": "Guwahati", "country": "IN"},
  {"code": "IXC", "name": "Chandigarh Airport", "city": "Chandigarh", "country": "IN"},
  {"code": "SXR", "name": "Sheikh ul-Alam International", "city": "Srinagar", "country": "IN"},
  {"code": "VTZ", "name": "Visakhapatnam Airport", "city": "Visakhapatnam", "country": "IN"},
  {"code": "NAG", "name": "Dr. Babasaheb Ambedkar International", "city": "Nagpur", "country": "IN"},
  {"code": "PAT", "name": "Jay Prakash Narayan International", "city": "Patna", "country": "IN"},
  {"code": "BBI", "name": "Biju Patnaik International", "city": "Bhubaneswar", "country": "IN"},
  {"code": "RAJ", "name": "Rajkot Airport", "city": "Rajkot", "country": "IN"},
  {"code": "STV", "name": "Surat Airport", "city": "Surat", "country": "IN"},
  {"code": "IDR", "name": "Devi Ahilyabai Holkar Airport", "city": "Indore", "country": "IN"},
  {"code": "IXB", "name": "Bagdogra Airport", "city": "Siliguri", "country": "IN"}
]
